pre,post,weight
0,233,15
0,37,71
0,214,3
0,130,2
0,41,41
0,268,3
0,286,27
0,205,4
0,6,24
0,271,2
0,21,18
0,48,134
0,227,15
0,247,4
0,250,4
0,244,3
0,42,2
1,36,-1
1,268,-1
1,278,-185
1,198,-3
1,115,-3
1,8,-48
1,107,-1
1,207,-14
1,140,-1
1,288,-2
1,100,-8
1,84,-6
1,280,-1
1,75,-34
1,3,-2
1,185,-2
1,58,-4
1,227,-150
1,260,-1
1,18,-80
1,77,-26
1,239,-4
1,259,-1
1,111,-1
1,29,-2
1,170,-5
1,20,-91
1,153,-191
1,157,-1
1,199,-4
1,161,-3
1,4,-11
1,23,-18
1,52,-10
1,43,-12
1,168,-498
1,249,-93
1,204,-22
1,270,-1
1,208,-12
1,187,-7
1,67,-3
1,83,-2
1,235,-14
1,33,-1
2,161,-5
2,75,-1
2,23,-2
2,55,-1
2,43,-143
2,168,-1
2,249,-44
2,77,-2
2,169,-1
2,239,-5
2,204,-4
2,111,-1
2,167,-4
2,29,-13
2,66,-3
2,67,-4
2,170,-2
2,9,-1
2,125,-7
2,207,-2
2,132,-10
2,5,-6
2,235,-5
2,112,-4
2,1,-3
3,23,-72
3,43,-1
3,249,-2
3,77,-2
3,294,-8
3,204,-9
3,8,-11
3,107,-40
3,140,-5
3,153,-9
3,227,-6
3,124,-20
4,293,1
4,115,6
4,183,1
4,259,2
4,246,1
4,34,1
4,32,13
4,212,10
5,78,4
5,257,1
5,217,1
5,152,1
5,192,1
5,55,1
5,43,1
5,164,1
5,249,1
5,77,2
5,204,17
5,259,1
5,106,5
5,167,175
5,30,5
5,248,3
5,2,6
5,256,5
5,67,4
5,135,10
5,9,2
5,125,1
5,207,13
5,132,1
5,272,1
5,121,79
5,24,1
5,182,2
5,141,26
5,189,11
5,235,4
5,112,9
5,1,1
6,233,27
6,31,4
6,279,11
6,48,43
6,51,28
6,217,15
6,214,40
6,22,1
6,286,9
6,0,16
6,80,25
6,250,146
6,41,93
6,147,27
6,104,6
6,271,15
6,21,163
6,118,94
6,244,38
6,130,16
6,205,1
6,162,11
6,262,68
6,238,37
7,78,5
7,36,2
7,152,149
7,164,1
7,14,3
7,231,20
7,57,18
7,154,3
7,148,8
7,187,1
7,116,2
7,70,1
7,121,132
7,82,12
7,76,1
7,24,1
7,282,377
7,72,121
7,88,4
7,90,1
8,268,-1
8,198,-2
8,107,-18
8,47,-3
8,207,-4
8,140,-2
8,100,-10
8,78,-6
8,3,-12
8,185,-1
8,58,-8
8,227,-13
8,124,-2
8,1,-16
8,18,-12
8,77,-4
8,29,-1
8,170,-7
8,20,-28
8,153,-2
8,50,-4
8,161,-1
8,99,-3
8,4,-1
8,23,-51
8,52,-2
8,297,-1
8,43,-6
8,168,-9
8,249,-4
8,204,-16
8,208,-1
8,187,-42
8,83,-6
9,78,-2
9,192,-7
9,181,-4
9,231,-1
9,57,-1
9,287,-1
9,106,-44
9,154,-149
9,167,-5
9,19,-36
9,30,-5
9,248,-3
9,155,-1
9,208,-1
9,256,-1
9,66,-2
9,67,-1
9,170,-4
9,135,-10
9,132,-3
9,5,-11
9,121,-455
9,76,-2
9,24,-4
9,182,-1
9,112,-3
10,206,-7
10,160,-1
10,254,-2
10,126,-1
10,122,-108
10,264,-6
10,165,-63
10,223,-4
10,256,-9
10,101,-1
10,172,-3
11,257,388
11,243,4
11,152,5
11,181,134
11,164,1
11,14,4
11,231,2
11,245,1
11,57,2
11,287,21
11,106,4
11,167,4
11,19,2
11,30,10
11,85,1
11,148,1
11,116,1
11,184,1
11,135,3
11,9,12
11,132,1
11,5,2
11,137,1
11,70,3
11,121,18
11,82,2
11,76,1
11,120,27
11,24,22
11,72,20
11,40,5
11,138,2
11,88,5
11,280,1
12,115,-2
12,183,-2
12,47,-1
12,176,-26
12,293,-2
12,264,-9
12,73,-4
12,34,-2
12,113,-3
12,134,-31
12,105,-3
12,165,-1
12,146,-10
12,108,-2
12,169,-4
12,28,-122
12,128,-20
13,196,1
13,92,41
13,37,6
13,4,4
13,98,3
13,89,21
13,268,1
13,193,5
13,259,1
13,144,15
13,157,1
13,143,1
13,158,14
13,81,1
13,212,4
13,186,1
14,225,-2
14,36,-2
14,164,-6
14,245,-2
14,57,-166
14,206,-1
14,152,-2
14,163,-47
14,90,-29
14,159,-1
14,181,-4
14,231,-1
14,30,-9
14,7,-3
14,265,-1
14,223,-1
14,272,-1
14,137,-2
14,138,-1
14,154,-1
14,167,-1
14,85,-45
14,11,-259
14,256,-5
14,148,-10
14,116,-4
14,184,-3
14,82,-3
14,40,-21
15,228,-3
15,210,-1
16,160,-5
16,39,-295
16,254,-2
16,126,-427
16,156,-62
16,223,-1
16,101,-12
16,172,-3
17,120,-1
17,253,-14
17,217,-1
17,296,-12
17,221,-5
17,123,-6
17,69,-23
17,257,-2
17,218,-261
17,129,-54
17,263,-2
17,26,-12
17,142,-9
18,278,-6
18,198,-1
18,8,-15
18,107,-3
18,60,-2
18,47,-2
18,207,-11
18,179,-3
18,100,-35
18,84,-3
18,78,-16
18,75,-1
18,3,-1
18,35,-2
18,211,-2
18,163,-5
18,185,-9
18,58,-25
18,45,-4
18,227,-7
18,260,-4
18,1,-54
18,114,-15
18,77,-1
18,170,-83
18,20,-305
18,153,-14
18,50,-5
18,99,-51
18,23,-165
18,52,-20
18,43,-7
18,299,-3
18,168,-4
18,249,-8
18,204,-13
18,270,-6
18,208,-11
18,187,-217
18,83,-4
18,49,-1
19,36,-3
19,245,-408
19,183,-1
19,292,-1
19,280,-5
19,78,-1
19,175,-3
19,155,-1
19,159,-46
19,95,-1
19,14,-2
19,265,-14
19,289,-5
19,138,-4
19,154,-5
19,11,-2
19,184,-442
19,76,-1
20,99,1
20,78,1
20,114,2
20,23,1
20,52,2
20,297,4
20,43,101
20,35,3
20,18,203
20,278,99
20,168,9
20,249,132
20,204,3
20,8,3
20,211,3
20,270,1
20,29,4
20,208,337
20,187,1
20,170,8
20,47,7
20,207,15
20,83,15
20,185,34
20,153,9
20,288,12
20,58,48
20,179,8
20,227,2
20,100,94
20,84,16
20,260,5
20,1,1
21,233,-49
21,31,-7
21,279,-11
21,48,-56
21,51,-34
21,217,-17
21,214,-273
21,22,-11
21,286,-729
21,6,-668
21,0,-22
21,80,-31
21,250,-35
21,41,-495
21,147,-28
21,104,-19
21,271,-34
21,118,-63
21,244,-295
21,130,-31
21,205,-7
21,162,-6
21,262,-61
21,238,-10
22,233,1
22,37,35
22,214,5
22,41,60
22,268,4
22,286,10
22,131,24
22,283,43
22,6,12
22,271,1
22,21,4
22,48,75
22,118,1
22,51,1
22,227,4
22,247,4
22,250,1
22,244,4
22,42,5
23,161,1
23,175,7
23,18,3
23,278,5
23,249,2
23,77,1
23,204,2
23,259,4
23,8,5
23,2,2
23,187,1
23,67,18
23,132,1
23,45,1
23,227,4
23,235,4
23,1,7
24,164,-10
24,57,-130
24,287,-2
24,106,-18
24,9,-1
24,5,-29
24,120,-3
24,282,-8
24,84,-1
24,78,-4
24,152,-1
24,163,-122
24,132,-41
24,45,-3
24,71,-2
24,90,-12
24,257,-18
24,181,-15
24,231,-1
24,30,-28
24,7,-1
24,272,-5
24,291,-1
24,192,-47
24,154,-2
24,167,-5
24,248,-11
24,11,-3
24,135,-4
24,70,-14
24,121,-7
24,82,-3
24,76,-6
24,72,-1
24,40,-17
25,257,-2
25,17,-1
25,149,-1
25,237,-5
25,263,-5
26,133,20
26,233,6
26,54,1
26,257,11
26,17,61
26,130,1
26,276,24
26,27,5
26,240,5
26,261,184
26,129,1
26,69,2
26,119,3
26,263,1
26,38,194
26,74,59
26,142,33
26,253,5
26,42,10
27,233,17
27,31,19
27,119,25
27,136,55
27,74,34
27,133,14
27,54,10
27,217,26
27,296,55
27,261,58
27,69,83
27,38,27
27,190,14
27,194,35
27,147,9
27,218,68
27,129,15
27,266,25
27,68,15
27,130,27
27,276,9
27,240,46
27,162,24
27,26,13
27,267,53
28,191,-12
28,183,-14
28,12,-38
28,47,-1
28,293,-4
28,264,-18
28,73,-1482
28,197,-15
28,34,-2
28,113,-13
28,134,-36
28,105,-26
28,146,-32
28,169,-66
28,128,-31
29,44,-13
29,107,-7
29,207,-100
29,149,-8
29,227,-2
29,1,-8
29,77,-2
29,259,-2
29,189,-2
29,112,-1
29,199,-1
29,52,-1
29,43,-10
29,205,-2
29,249,-19
29,204,-11
29,46,-1
29,67,-2
29,121,-29
29,25,-1
29,235,-6
30,36,-9
30,164,-11
30,57,-388
30,287,-3
30,106,-12
30,255,-2
30,9,-9
30,5,-38
30,120,-1
30,282,-5
30,84,-1
30,78,-22
30,152,-4
30,163,-80
30,132,-22
30,45,-2
30,24,-50
30,71,-18
30,90,-7
30,257,-9
30,181,-22
30,14,-1
30,231,-1
30,7,-4
30,66,-1
30,170,-4
30,272,-8
30,291,-6
30,192,-168
30,237,-3
30,154,-77
30,167,-222
30,19,-2
30,85,-2
30,248,-16
30,11,-28
30,256,-1
30,148,-8
30,187,-3
30,135,-2
30,70,-2
30,121,-18
30,82,-3
30,76,-4
30,72,-4
30,40,-16
31,133,26
31,54,45
31,130,12
31,41,11
31,147,1
31,276,54
31,27,63
31,286,7
31,240,66
31,149,2
31,6,6
31,21,2
31,261,3
31,119,35
31,263,3
31,38,26
31,74,9
31,250,10
31,142,14
31,190,1
31,244,14
32,224,1
32,293,2
32,115,4
32,259,1
32,4,70
32,34,1
32,212,3
32,280,1
33,278,-1
33,115,-1
33,127,-196
33,97,-1
33,110,-2
33,84,-1
33,292,-135
33,280,-2
33,293,-1
33,201,-1
33,105,-5
33,231,-1
33,29,-150
33,66,-3
33,223,-1
33,166,-47
33,189,-3
33,295,-17
33,205,-1
33,91,-147
33,19,-2
33,182,-1
33,215,-103
34,228,1
34,115,3
34,183,7
34,12,15
34,47,13
34,176,8
34,230,924
34,264,669
34,73,2
34,139,830
34,284,1
34,113,1
34,134,9
34,165,3
34,146,8
34,4,1
34,252,748
34,169,2
34,28,6
34,128,18
35,150,-21
35,177,-1
35,278,-5
35,100,-11
35,170,-2
35,171,-54
35,96,-7
35,179,-12
35,180,-2
35,20,-6
35,195,-19
35,208,-4
35,187,-1
35,49,-1
35,207,-7
35,288,-215
35,211,-1
35,58,-5
35,18,-1
35,165,-1
35,99,-2
35,52,-3
35,299,-1
35,270,-3
35,63,-2
35,47,-5
35,84,-3
35,260,-12
36,161,4
36,152,1
36,192,1
36,23,7
36,181,8
36,164,1
36,18,1
36,278,35
36,293,7
36,245,1
36,231,1
36,239,2
36,127,4
36,57,16
36,287,230
36,106,3
36,154,10
36,167,3
36,19,1
36,30,3
36,163,1
36,7,1
36,11,1
36,155,8
36,208,32
36,265,1
36,256,1
36,148,8
36,116,5
36,184,4
36,255,7
36,135,1
36,207,1
36,70,1
36,121,8
36,82,6
36,24,1
36,182,15
36,282,1
36,100,2
36,72,3
36,84,2
36,295,2
36,88,13
36,292,15
36,159,1
37,203,-12
37,98,-499
37,279,-22
37,268,-5
37,283,-2
37,44,-2
37,64,-107
37,51,-54
37,247,-2
37,158,-661
37,42,-12
37,217,-5
37,22,-53
37,0,-30
37,80,-105
37,89,-11
37,147,-70
37,104,-35
37,271,-24
37,118,-72
37,199,-2
37,102,-1
37,249,-1
37,162,-1
37,242,-4
37,94,-34
37,144,-32
37,13,-11
37,262,-64
37,238,-27
38,133,37
38,233,120
38,54,11
38,296,37
38,31,8
38,68,7
38,130,136
38,147,2
38,276,34
38,27,23
38,218,71
38,240,73
38,261,409
38,129,45
38,266,52
38,26,24
38,69,136
38,119,64
38,136,12
38,74,11
38,190,14
38,267,67
38,194,21
39,160,-7
39,254,-2
39,126,-33
39,243,-2
39,156,-40
39,165,-1
39,16,-41
39,189,-1
39,101,-5
39,172,-4
40,36,1
40,164,1
40,245,3
40,57,1
40,106,1
40,120,2
40,282,9
40,292,3
40,280,30
40,78,1
40,243,2
40,24,17
40,159,3
40,257,1
40,95,2
40,181,4
40,14,1
40,30,3
40,29,32
40,289,1
40,137,1
40,88,9
40,19,1
40,85,6
40,11,3
40,148,10
40,116,1
40,184,2
40,70,1
40,121,3
40,82,3
40,76,3
40,72,5
41,233,109
41,217,5
41,31,4
41,214,32
41,130,99
41,22,14
41,147,5
41,279,17
41,104,37
41,286,28
41,205,16
41,6,25
41,271,19
41,21,63
41,0,7
41,48,439
41,118,162
41,51,11
41,80,64
41,250,51
41,262,71
41,238,8
41,244,10
42,279,-44
42,268,-3
42,283,-3
42,51,-40
42,247,-5
42,217,-3
42,22,-13
42,0,-13
42,69,-6
42,80,-39
42,194,-2
42,37,-15
42,147,-9
42,104,-22
42,218,-1
42,271,-36
42,118,-25
42,232,-1
42,263,-1
42,68,-1
42,17,-1
42,162,-3
42,142,-4
42,262,-16
42,238,-7
43,161,5
43,23,100
43,168,2
43,249,2
43,77,42
43,293,1
43,239,8
43,44,2
43,46,1
43,8,1
43,91,1
43,270,10
43,2,12
43,60,1
43,187,1
43,47,10
43,153,1
43,100,1
43,84,1
43,189,1
43,235,271
43,112,14
43,1,460
44,199,-4
44,37,-10
44,23,-5
44,43,-22
44,145,-1
44,249,-18
44,91,-1
44,111,-2
44,207,-1
44,107,-4
44,29,-4
44,83,-3
44,50,-5
44,235,-1
45,177,1
45,164,2
45,278,3
45,63,3
45,287,3
45,8,1
45,60,1
45,285,1
45,9,1
45,47,3
45,207,2
45,298,4
45,288,4
45,5,8
45,282,1
45,100,69
45,84,17
45,280,1
45,152,24
45,35,54
45,211,5
45,132,33
45,58,8
45,24,6
45,260,49
45,1,1
45,114,1
45,181,2
45,18,2
45,77,1
45,272,1
45,153,1
45,112,2
45,161,1
45,99,1
45,192,7
45,23,56
45,195,1
45,297,6
45,299,1
45,168,1
45,204,18
45,154,34
45,167,1
45,270,2
45,256,2
45,187,10
45,83,10
45,70,2
45,241,1
45,72,21
45,235,4
46,177,-2
46,23,-2
46,209,-1
46,127,-1
46,259,-1
46,91,-1
46,97,-4
46,174,-6
46,285,-2
46,110,-9
46,298,-14
46,185,-1
46,213,-1
46,235,-6
46,112,-2
46,1,-5
46,215,-1
47,150,-3
47,177,-3
47,115,-14
47,12,-9
47,100,-1
47,264,-268
47,108,-157
47,171,-13
47,298,-14
47,96,-21
47,176,-5
47,195,-6
47,183,-6
47,288,-28
47,35,-2
47,211,-2
47,139,-3
47,284,-117
47,1,-1
47,209,-5
47,105,-1
47,165,-7
47,103,-1
47,99,-2
47,188,-73
47,28,-429
47,63,-4
47,45,-1
47,34,-1
47,134,-3
47,146,-65
47,205,-1
47,169,-1
47,128,-9
48,233,8
48,217,6
48,130,5
48,214,178
48,41,163
48,22,132
48,147,5
48,104,253
48,286,9
48,205,57
48,162,9
48,6,11
48,271,243
48,21,10
48,0,229
48,118,115
48,51,30
48,80,115
48,250,18
48,262,235
48,238,66
48,244,171
49,99,6
49,114,6
49,191,5
49,177,5
49,23,1
49,52,3
49,195,1
49,297,3
49,43,2
49,18,7
49,278,1
49,249,1
49,293,36
49,63,5
49,204,1
49,8,2
49,29,105
49,208,1
49,174,2
49,83,6
49,298,1
49,153,2
49,288,1
49,179,1
49,220,3
49,241,3
49,84,2
49,260,1
50,23,-19
50,43,-6
50,18,-6
50,77,-1
50,198,-2
50,204,-43
50,44,-1
50,8,-3
50,107,-10
50,2,-1
50,60,-4
50,207,-3
50,153,-10
50,235,-1
50,1,-28
51,37,46
51,214,13
51,130,5
51,41,161
51,268,40
51,286,29
51,131,41
51,283,184
51,6,45
51,21,17
51,48,17
51,118,4
51,80,11
51,247,8
51,250,9
51,244,2
51,42,62
52,161,30
52,75,26
52,3,2
52,23,43
52,43,1
52,299,1
52,205,20
52,18,65
52,278,10
52,168,33
52,249,3
52,77,187
52,293,4
52,169,1
52,239,46
52,115,8
52,127,8
52,204,2
52,44,1
52,8,3
52,211,1
52,270,1
52,29,9
52,208,1
52,187,1
52,170,62
52,47,109
52,207,52
52,20,8
52,153,2
52,179,50
52,227,5
52,100,2
52,84,103
52,1,6
53,206,-690
53,273,-22
53,151,-26
53,264,-1
53,219,-16
53,265,-2
53,229,-743
53,222,-12
53,178,-30
53,223,-1
53,86,-524
54,233,21
54,31,9
54,119,38
54,136,17
54,74,21
54,133,7
54,217,11
54,296,38
54,261,49
54,69,116
54,38,27
54,190,25
54,194,37
54,147,5
54,27,3
54,218,82
54,266,26
54,68,48
54,130,25
54,276,15
54,240,70
54,162,14
54,26,10
54,267,61
55,115,2
55,160,434
55,39,4
55,254,18
55,280,5
55,126,169
55,243,3
55,155,1
55,156,1
55,165,4
55,16,3
55,189,6
55,295,8
55,224,2
55,184,1
55,101,369
55,172,14
56,127,3
56,107,3
56,47,21
56,140,11
56,120,4
56,84,1
56,42,13
56,280,5
56,124,7
56,105,2
56,30,18
56,166,1
56,232,30
56,153,12
56,291,17
56,246,3
56,295,2
56,199,5
56,237,1
56,248,4
56,256,4
56,33,1
57,78,13
57,257,2
57,152,13
57,181,185
57,287,101
57,106,1
57,154,94
57,167,4
57,19,29
57,30,10
57,11,1
57,208,26
57,256,1
57,170,1
57,135,3
57,9,15
57,272,3
57,5,1
57,70,58
57,121,19
57,76,2
57,24,21
57,282,15
57,72,11
57,88,3
58,36,-2
58,114,-33
58,52,-2
58,195,-1
58,43,-1
58,35,-7
58,18,-6
58,278,-16
58,249,-5
58,77,-26
58,63,-119
58,8,-3
58,270,-46
58,107,-12
58,208,-9
58,60,-32
58,187,-1
58,170,-5
58,207,-12
58,83,-65
58,20,-29
58,153,-10
58,288,-2
58,45,-2
58,179,-13
58,227,-6
58,100,-3
58,84,-164
58,260,-12
58,1,-3
59,30,-2
59,248,-6
59,255,-388
59,291,-136
59,71,-238
60,164,-1
60,278,-3
60,8,-1
60,107,-20
60,207,-4
60,140,-3
60,179,-1
60,100,-12
60,84,-1
60,35,-4
60,163,-4
60,58,-7
60,45,-2
60,260,-13
60,1,-4
60,18,-1
60,239,-1
60,170,-9
60,20,-4
60,153,-9
60,50,-2
60,199,-1
60,23,-2
60,43,-14
60,204,-3
60,270,-6
60,187,-86
60,83,-1
61,278,12
61,127,1
61,202,8
61,236,21
61,185,1
61,134,4
61,209,4
61,251,43
61,180,3
61,173,18
61,29,1
61,299,4
61,281,1
61,188,49
61,234,17
61,87,3
62,65,7
62,290,132
63,150,1
63,99,1
63,78,2
63,114,181
63,297,54
63,35,7
63,18,11
63,278,5
63,211,12
63,208,15
63,285,1
63,170,11
63,207,261
63,20,1
63,288,8
63,49,3
63,58,381
63,45,5
63,179,5
63,100,3
63,260,80
64,37,-499
64,98,-3
64,89,-17
64,131,-8
64,283,-13
64,275,-13
64,94,-80
64,216,-1
64,144,-38
64,263,-1
64,143,-34
64,93,-4
64,13,-4
64,247,-18
64,158,-7
64,142,-239
65,290,153
65,62,6
66,92,1
66,161,1
66,75,22
66,152,1
66,55,13
66,299,2
66,105,18
66,205,1
66,278,4
66,224,31
66,228,1
66,169,13
66,115,35
66,127,13
66,287,4
66,167,4
66,19,3
66,30,1
66,256,4
66,183,30
66,47,5
66,223,22
66,166,3
66,185,3
66,5,1
66,76,2
66,72,2
66,189,7
66,201,3
66,112,1
66,277,4
66,295,47
66,292,9
66,33,2
66,280,1
67,115,-1
67,127,-1
67,97,-1
67,2,-1
67,60,-1
67,110,-1
67,9,-91
67,47,-15
67,207,-8
67,5,-49
67,100,-9
67,75,-7
67,35,-1
67,149,-2
67,155,-1
67,132,-5
67,1,-110
67,181,-2
67,18,-3
67,77,-3
67,111,-2
67,29,-7
67,66,-4
67,153,-1
67,189,-1
67,112,-3
67,161,-1
67,192,-19
67,23,-1
67,52,-3
67,55,-1
67,43,-14
67,168,-124
67,249,-8
67,204,-58
67,154,-3
67,91,-2
67,167,-66
67,256,-3
67,125,-3
67,76,-1
67,182,-4
67,235,-16
68,133,29
68,54,4
68,257,6
68,130,6
68,276,18
68,27,4
68,240,5
68,261,148
68,129,1
68,119,5
68,38,34
68,74,58
68,142,57
68,190,36
68,42,1
69,233,11
69,119,30
69,74,313
69,253,3
69,42,5
69,133,40
69,54,38
69,38,296
69,194,3
69,257,16
69,27,16
69,129,3
69,263,1
69,17,16
69,130,65
69,276,57
69,240,31
69,26,1
69,142,39
70,78,-15
70,257,-2
70,17,-1
70,152,-8
70,192,-1
70,181,-4
70,164,-1
70,57,-37
70,287,-19
70,106,-1
70,154,-4
70,30,-8
70,85,-4
70,163,-1
70,7,-2
70,248,-3
70,208,-2
70,148,-22
70,170,-2
70,135,-20
70,272,-42
70,291,-5
70,121,-11
70,24,-169
70,282,-18
70,72,-5
70,88,-100
70,90,-2
71,257,-8
71,192,-31
71,181,-1
71,106,-13
71,30,-4
71,248,-38
71,255,-14
71,135,-3
71,132,-74
71,272,-2
71,5,-8
71,291,-7
71,76,-2
71,24,-2
71,59,-4
72,287,-9
72,200,-40
72,264,-4
72,181,-1
72,30,-3
72,11,-1
72,116,-237
72,121,-3
72,82,-3
72,225,-5
72,78,-5
72,152,-8
72,222,-2
72,55,-1
72,36,-3
72,57,-11
72,206,-1
72,272,-2
72,192,-2
72,154,-11
72,256,-6
72,148,-1
72,9,-2
72,282,-3
72,163,-3
72,24,-1
72,159,-12
72,14,-19
72,7,-26
72,70,-3
73,191,-9
73,12,-6
73,47,-1
73,293,-1
73,197,-28
73,113,-27
73,134,-21
73,105,-1
73,146,-1
73,28,-32
73,128,-12
74,133,48
74,233,151
74,217,14
74,54,15
74,296,39
74,31,5
74,68,6
74,130,169
74,276,25
74,27,20
74,218,55
74,240,63
74,162,14
74,261,471
74,129,30
74,266,15
74,26,8
74,69,165
74,119,57
74,38,14
74,136,13
74,190,27
74,267,41
74,194,21
75,92,1
75,4,2
75,55,18
75,175,1
75,105,12
75,18,1
75,278,1
75,224,48
75,237,1
75,228,1
75,169,18
75,115,46
75,127,19
75,287,3
75,19,1
75,256,2
75,66,14
75,183,37
75,207,1
75,223,18
75,166,3
75,185,6
75,182,2
75,84,1
75,189,4
75,201,2
75,295,43
75,260,1
75,292,16
75,33,2
76,78,101
76,257,14
76,192,210
76,55,1
76,181,58
76,149,2
76,237,3
76,231,2
76,57,5
76,287,8
76,106,6
76,154,1
76,167,3
76,19,7
76,30,1
76,163,1
76,248,1
76,155,40
76,256,81
76,66,36
76,67,7
76,135,157
76,9,34
76,132,39
76,223,4
76,291,1
76,121,52
76,24,2
76,182,38
76,282,38
76,72,1
76,84,10
76,201,1
76,190,25
76,292,2
77,161,-2
77,3,-3
77,23,-32
77,52,-244
77,43,-3
77,35,-15
77,18,-2
77,278,-5
77,168,-6
77,293,-1
77,231,-1
77,239,-1
77,127,-1
77,204,-2
77,8,-5
77,270,-1
77,107,-2
77,2,-1
77,208,-1
77,60,-1
77,187,-2
77,47,-8
77,207,-2
77,20,-2
77,140,-6
77,153,-2
77,58,-1
77,179,-1
77,227,-22
77,100,-1
77,34,-18
77,124,-1
77,260,-12
77,1,-10
78,161,13
78,257,14
78,152,24
78,192,33
78,23,3
78,52,3
78,55,1
78,181,81
78,299,1
78,35,70
78,164,1
78,18,185
78,278,231
78,168,204
78,239,12
78,115,5
78,204,17
78,57,31
78,287,16
78,106,22
78,8,17
78,154,15
78,167,5
78,19,3
78,270,11
78,30,4
78,163,7
78,248,8
78,155,6
78,208,99
78,60,5
78,256,26
78,66,4
78,187,1
78,170,2
78,135,3
78,9,56
78,47,8
78,207,73
78,223,1
78,20,178
78,272,1
78,185,4
78,5,1
78,58,267
78,70,18
78,179,41
78,121,62
78,76,4
78,227,71
78,24,15
78,182,6
78,282,56
78,100,99
78,72,38
78,84,3
78,40,1
78,260,105
78,280,1
79,191,-11
79,177,-14
79,115,-1
79,127,-2
79,285,-5
79,298,-12
79,288,-13
79,293,-1
79,45,-6
79,220,-3
79,103,-2
79,99,-7
79,195,-7
79,174,-129
79,49,-4
79,241,-51
80,233,7
80,37,30
80,214,79
80,130,11
80,41,208
80,286,26
80,131,5
80,283,26
80,6,34
80,21,6
80,48,41
80,118,7
80,51,48
80,247,70
80,250,1
80,244,11
80,42,35
81,196,122
81,89,2
81,221,27
81,102,61
81,268,7
81,131,1
81,193,388
81,283,2
81,117,1
81,19,1
81,123,13
81,144,2
81,263,13
81,246,1
81,13,5
81,247,2
82,36,12
82,164,15
82,57,7
82,106,1
82,9,6
82,5,18
82,282,6
82,292,2
82,280,1
82,78,1
82,152,1
82,264,1
82,163,20
82,24,3
82,181,18
82,14,1
82,30,29
82,7,3
82,272,1
82,88,56
82,154,2
82,85,1
82,248,2
82,11,1
82,256,2
82,148,101
82,116,6
82,184,2
82,135,2
82,70,10
82,121,4
82,40,4
83,199,-2
83,150,-1
83,114,-1
83,3,-3
83,23,-7
83,297,-1
83,43,-11
83,35,-1
83,164,-3
83,18,-11
83,249,-8
83,77,-1
83,198,-3
83,204,-21
83,8,-2
83,163,-4
83,107,-6
83,208,-2
83,60,-3
83,187,-56
83,207,-4
83,20,-71
83,140,-4
83,153,-21
83,49,-5
83,58,-50
83,45,-6
83,50,-2
83,227,-3
83,260,-2
83,1,-2
84,36,-2
84,278,-12
84,287,-1
84,8,-1
84,107,-26
84,60,-5
84,47,-2
84,140,-3
84,288,-8
84,179,-1
84,100,-1
84,78,-12
84,75,-1
84,163,-186
84,185,-1
84,58,-1
84,45,-1
84,227,-21
84,24,-2
84,260,-1
84,1,-2
84,257,-32
84,114,-1
84,181,-1
84,18,-1
84,77,-1
84,239,-1
84,30,-1
84,29,-3
84,170,-3
84,20,-30
84,272,-1
84,153,-6
84,23,-1
84,52,-2
84,297,-1
84,43,-54
84,168,-1
84,167,-2
84,270,-254
84,208,-2
84,187,-49
84,83,-2
84,72,-1
84,235,-6
85,78,1
85,36,1
85,243,2
85,152,1
85,192,1
85,181,5
85,14,52
85,245,1
85,57,4
85,167,3
85,30,11
85,265,2
85,148,2
85,116,1
85,184,2
85,272,3
85,289,4
85,137,3
85,70,15
85,121,1
85,120,9
85,282,45
85,40,7
85,138,1
85,159,9
86,206,-141
86,273,-8
86,151,-61
86,53,-317
86,219,-317
86,265,-1
86,229,-120
86,222,-558
86,178,-1122
86,223,-3
87,115,-4
87,264,-1
87,251,-17
87,61,-50
87,180,-1
87,281,-6
87,234,-2
87,202,-2
87,165,-1
87,173,-7
87,188,-12
87,236,-6
87,134,-41
87,146,-2
88,78,13
88,36,16
88,152,12
88,181,2
88,164,2
88,245,1
88,57,2
88,287,5
88,154,7
88,7,8
88,11,2
88,148,252
88,116,2
88,184,1
88,170,6
88,70,273
88,121,278
88,82,80
88,76,1
88,24,2
88,282,3
88,72,12
88,40,3
88,90,1
89,196,-115
89,37,-14
89,98,-16
89,221,-41
89,102,-46
89,268,-6
89,193,-269
89,242,-3
89,123,-3
89,144,-36
89,263,-30
89,157,-3
89,143,-1
89,120,-6
89,13,-21
89,158,-7
89,81,-24
90,36,1
90,192,9
90,181,3
90,164,17
90,14,3
90,231,3
90,57,1
90,154,6
90,30,3
90,85,1
90,163,1
90,7,2
90,11,4
90,116,1
90,272,21
90,70,8
90,45,2
90,121,5
90,24,23
90,282,27
90,72,1
90,88,2
91,226,85
91,269,1
91,75,1
91,175,32
91,259,51
91,46,85
91,242,76
91,97,127
91,110,1
91,166,4
91,157,3
91,189,10
91,277,1
91,295,2
91,215,8
92,196,1
92,226,1
92,175,105
92,259,31
92,19,3
92,155,5
92,182,2
92,246,3
92,213,43
92,109,2
92,201,250
92,280,7
93,203,155
93,64,2
93,216,373
93,143,17
93,274,3
93,37,1
93,275,188
93,94,37
93,142,1058
94,64,181
94,216,1
94,158,5
94,196,7
94,274,15
94,221,19
94,123,2
94,37,53
94,242,1
94,93,33
94,142,113
95,36,-1
95,164,-10
95,245,-53
95,292,-3
95,243,-2
95,159,-35
95,14,-5
95,7,-3
95,265,-3
95,289,-9
95,137,-3
95,138,-8
95,237,-1
95,154,-2
95,19,-2
95,85,-34
95,11,-28
95,116,-19
95,184,-13
95,40,-227
96,115,-6
96,288,-2
96,35,-1
96,165,-1
96,195,-1
96,281,-1
96,171,-218
96,188,-8
97,150,-2
97,177,-6
97,63,-1
97,115,-2
97,110,-78
97,47,-1
97,298,-28
97,288,-1
97,100,-45
97,185,-1
97,45,-39
97,1,-9
97,209,-10
97,79,-7
97,103,-9
97,195,-1
97,46,-1
97,235,-7
97,215,-1
98,203,4
98,37,49
98,89,19
98,221,8
98,102,13
98,268,1
98,193,198
98,242,2
98,64,146
98,144,3
98,157,1
98,13,3
98,158,37
98,81,3
99,199,20
99,191,4
99,177,3
99,23,2
99,52,1
99,195,2
99,297,2
99,43,117
99,35,3
99,18,114
99,278,21
99,168,26
99,249,16
99,77,2
99,63,2
99,127,1
99,204,1
99,8,9
99,211,1
99,270,2
99,29,4
99,208,73
99,174,1
99,285,1
99,207,22
99,83,8
99,298,3
99,185,1
99,153,4
99,288,1
99,49,7
99,58,1
99,45,5
99,220,2
99,227,351
99,241,2
99,100,1
99,84,1
99,260,15
99,1,2
100,150,-24
100,177,-2
100,278,-2
100,63,-8
100,97,-1
100,60,-1
100,47,-1
100,207,-4
100,288,-12
100,211,-8
100,58,-1
100,45,-10
100,260,-2
100,1,-2
100,114,-13
100,209,-2
100,18,-1
100,165,-1
100,99,-2
100,195,-9
100,297,-6
100,168,-1
100,49,-1
101,228,-1
101,160,-4
101,39,-2
101,176,-2
101,254,-21
101,126,-17
101,122,-2
101,264,-2
101,10,-8
101,156,-1
101,165,-8
101,223,-3
101,16,-4
101,295,-1
101,55,-1
101,224,-213
101,256,-2
101,172,-24
102,196,113
102,199,1
102,37,1
102,17,1
102,89,7
102,221,1
102,268,5
102,131,11
102,193,83
102,242,2
102,123,68
102,263,3
102,157,4
102,120,1
102,13,1
102,247,2
102,81,127
103,191,-7
103,177,-16
103,127,-1
103,285,-7
103,298,-18
103,288,-9
103,45,-7
103,220,-13
103,213,-1
103,209,-2
103,79,-2
103,99,-3
103,195,-5
103,174,-97
103,49,-16
103,241,-34
104,233,12
104,217,1
104,37,48
104,214,6
104,130,5
104,41,93
104,268,28
104,286,20
104,6,21
104,271,2
104,21,2
104,0,1
104,48,92
104,250,2
104,244,8
104,42,5
105,191,6
105,183,4
105,12,1296
105,293,4
105,73,7
105,264,6
105,34,1
105,113,2
105,134,626
105,223,1
105,146,11
105,189,1
105,295,3
105,169,7
105,28,29
105,128,770
106,164,-1
106,57,-24
106,255,-1
106,9,-8
106,5,-10
106,120,-1
106,84,-1
106,292,-3
106,78,-16
106,163,-24
106,155,-1
106,132,-77
106,45,-3
106,24,-7
106,71,-13
106,257,-14
106,181,-19
106,30,-11
106,170,-6
106,272,-4
106,291,-2
106,192,-183
106,154,-4
106,167,-23
106,19,-2
106,248,-9
106,11,-1
106,256,-4
106,70,-5
106,121,-12
106,76,-7
106,182,-3
106,72,-4
107,294,48
107,198,1
107,8,7
107,60,15
107,47,6
107,207,3
107,140,15
107,84,2
107,3,68
107,35,1
107,227,3
107,124,38
107,1,2
107,18,15
107,232,1
107,153,39
107,50,10
107,52,1
107,43,3
107,168,1
107,56,4
107,204,12
107,208,1
107,83,5
107,235,1
108,12,-2
108,47,-1
108,176,-12
108,264,-50
108,284,-88
108,134,-6
108,165,-5
108,146,-1
108,188,-21
108,128,-2
109,226,-109
109,269,-8
109,91,-16
109,19,-1
109,66,-1
109,246,-118
109,213,-2
109,277,-3
109,292,-2
109,215,-29
110,269,-2
110,215,-17
110,177,-7
110,79,-1
110,46,-57
110,91,-27
110,97,-5
110,19,-1
110,174,-4
110,285,-5
110,298,-1
110,288,-1
110,241,-1
110,103,-1
110,213,-1
110,277,-2
111,198,-2
111,44,-1
111,107,-3
111,2,-3
111,5,-56
111,141,-4
111,81,-8
111,274,-1
111,149,-1
111,1,-7
111,18,-1
111,30,-2
111,29,-1
111,153,-5
111,50,-2
111,23,-1
111,43,-53
111,131,-7
111,249,-22
111,204,-98
111,91,-1
111,167,-6
111,248,-1
111,67,-2
111,125,-3
112,257,-3
112,192,-9
112,46,-1
112,111,-2
112,167,-11
112,2,-3
112,67,-12
112,135,-8
112,9,-108
112,125,-2
112,132,-64
112,5,-10
112,121,-3
112,76,-1
112,24,-1
112,182,-1
112,141,-2
112,33,-1
113,115,-1
113,183,-1
113,12,-1
113,73,-337
113,197,-55
113,134,-13
113,28,-467
113,128,-2
114,150,6
114,99,1
114,297,81
114,43,56
114,299,2
114,18,1
114,278,64
114,63,188
114,211,4
114,270,6
114,208,598
114,187,1
114,170,2
114,207,5
114,83,1
114,20,1
114,288,2
114,49,5
114,58,1059
114,45,2
114,220,1
114,260,3
115,177,82
115,278,1
115,285,4
115,12,20
115,292,1
115,264,11
115,251,8
115,239,1
115,259,1
115,108,36
115,171,15
115,127,5
115,298,7
115,96,245
115,176,5
115,280,1
115,293,8
115,61,6
115,79,1
115,180,10
115,229,1
115,295,2
115,55,1
115,297,2
115,281,11
115,174,4
115,234,1
115,87,15
115,241,2
115,202,2
115,183,1
115,288,7
115,175,2
115,211,1
115,284,42
115,209,2
115,173,37
115,224,2
115,188,30
115,28,251
115,47,9
115,236,25
115,185,6
115,260,1
115,134,48
115,146,15
115,169,2
115,128,53
116,225,-5
116,36,-15
116,164,-24
116,245,-8
116,206,-321
116,280,-1
116,243,-1
116,152,-4
116,90,-60
116,159,-8
116,95,-89
116,14,-14
116,7,-7
116,265,-13
116,223,-1
116,289,-102
116,137,-116
116,138,-121
116,88,-2
116,154,-2
116,85,-99
116,11,-8
116,256,-3
116,148,-2
116,184,-228
116,82,-15
116,72,-6
116,40,-62
117,191,-2
117,193,-3
117,127,-1
117,285,-1
117,199,-1
117,99,-1
117,102,-1
117,46,-1
117,91,-7
117,13,-6
118,233,12
118,279,4
118,268,2
118,283,14
118,48,83
118,247,3
118,42,27
118,214,44
118,286,39
118,6,43
118,80,2
118,227,18
118,250,33
118,37,43
118,41,214
118,104,1
118,21,15
118,244,27
118,130,4
118,131,69
119,233,-23
119,31,-23
119,136,-19
119,74,-537
119,133,-722
119,54,-314
119,217,-45
119,296,-58
119,261,-66
119,69,-59
119,38,-534
119,190,-3
119,194,-31
119,147,-18
119,27,-361
119,218,-35
119,129,-26
119,266,-9
119,68,-13
119,130,-41
119,276,-708
119,240,-31
119,162,-37
119,26,-11
119,267,-13
120,31,-1
120,282,-1
120,149,-1
120,132,-1
120,24,-2
120,190,-4
120,257,-1
120,111,-2
120,30,-1
120,29,-1
120,272,-6
120,263,-1
120,112,-3
120,192,-1
120,237,-2
120,167,-25
120,248,-4
120,11,-14
120,125,-1
120,25,-3
120,40,-103
120,142,-1
121,78,16
121,257,7
121,36,1
121,152,17
121,192,4
121,181,20
121,164,2
121,14,1
121,293,2
121,231,1
121,57,28
121,287,19
121,106,12
121,154,10
121,167,10
121,19,4
121,30,21
121,163,2
121,248,2
121,7,5
121,155,1
121,208,1
121,256,5
121,148,1
121,67,3
121,170,4
121,135,8
121,9,295
121,132,3
121,272,1
121,5,3
121,70,6
121,291,1
121,76,7
121,24,15
121,182,3
121,282,9
121,72,9
121,40,1
121,201,2
121,112,1
121,88,5
121,292,1
121,59,1
121,280,3
122,206,-4
122,160,-3
122,254,-3
122,264,-3
122,10,-97
122,165,-94
122,223,-1
122,256,-4
122,101,-6
122,172,-2
123,196,292
123,226,2
123,274,1
123,17,1
123,221,38
123,102,19
123,268,8
123,193,130
123,94,1
123,144,2
123,263,20
123,157,1
123,143,1
123,246,1
123,13,5
123,81,8
123,253,2
124,3,-19
124,35,-5
124,77,-1
124,294,-37
124,8,-3
124,211,-1
124,107,-105
124,47,-1
124,20,-1
124,140,-7
124,153,-3
124,260,-1
125,44,-5
125,107,-9
125,2,-1
125,60,-1
125,207,-1
125,5,-54
125,120,-6
125,141,-2
125,75,-1
125,149,-2
125,123,-3
125,132,-3
125,1,-5
125,37,-1
125,111,-8
125,30,-2
125,29,-1
125,272,-1
125,153,-1
125,263,-1
125,50,-5
125,199,-1
125,102,-1
125,192,-2
125,23,-1
125,43,-31
125,131,-13
125,249,-23
125,204,-61
125,154,-3
125,167,-10
125,121,-1
126,228,-2
126,160,-32
126,39,-1231
126,254,-28
126,280,-5
126,243,-5
126,156,-19
126,165,-7
126,223,-3
126,16,-24
126,189,-10
126,295,-12
126,55,-39
126,224,-12
126,256,-2
126,101,-19
126,172,-32
127,191,-1
127,177,-2316
127,97,-1
127,285,-1520
127,298,-162
127,288,-2
127,293,-3
127,211,-12
127,185,-4
127,220,-1
127,209,-8
127,79,-7
127,103,-4
127,99,-13
127,169,-1
127,174,-10
127,49,-2
127,241,-8
127,33,-1
128,115,-4
128,183,-275
128,12,-20
128,47,-2
128,176,-3
128,264,-5
128,73,-9
128,284,-1
128,34,-6
128,134,-1
128,105,-2
128,146,-173
128,108,-3
128,169,-3
128,28,-13
129,133,46
129,233,1
129,257,1
129,17,218
129,130,4
129,276,36
129,27,1
129,218,4
129,240,16
129,261,8
129,69,1
129,119,24
129,263,17
129,38,84
129,74,258
129,142,35
129,253,7
129,42,17
130,233,62
130,31,10
130,279,15
130,48,6
130,119,106
130,51,15
130,136,6
130,74,32
130,133,18
130,54,289
130,296,22
130,214,229
130,22,6
130,286,16
130,6,22
130,261,9
130,0,13
130,69,29
130,38,32
130,80,24
130,250,91
130,190,9
130,194,37
130,41,19
130,147,1
130,104,10
130,27,285
130,218,33
130,271,15
130,21,100
130,129,17
130,266,19
130,118,39
130,244,154
130,68,10
130,276,32
130,240,109
130,26,15
130,267,15
130,262,20
130,238,16
131,279,-2
131,268,-2
131,145,-1
131,283,-11
131,51,-2
131,247,-3
131,81,-16
131,42,-1
131,22,-1
131,0,-4
131,80,-18
131,37,-1
131,118,-30
131,102,-5
131,242,-2
131,262,-4
131,238,-2
132,257,5
132,192,4
132,23,1
132,181,3
132,259,8
132,287,8
132,106,5
132,167,8
132,163,1
132,67,3
132,255,1
132,135,2
132,9,1
132,291,1
132,76,1
132,24,1
132,282,2
132,112,5
133,233,23
133,31,17
133,119,173
133,136,37
133,74,115
133,54,36
133,217,18
133,296,50
133,261,34
133,69,90
133,38,119
133,190,2
133,194,34
133,147,6
133,27,60
133,218,30
133,129,22
133,266,10
133,68,15
133,130,30
133,276,12
133,240,144
133,162,4
133,26,12
133,267,10
134,115,-11
134,183,-280
134,12,-26
134,176,-3
134,264,-8
134,73,-7
134,197,-1
134,34,-2
134,113,-1
134,61,-4
134,105,-5
134,251,-1
134,165,-4
134,146,-144
134,108,-3
134,281,-10
134,169,-4
134,28,-20
134,128,-1
135,78,-3
135,257,-14
135,152,-10
135,192,-25
135,181,-3
135,164,-1
135,228,-6
135,57,-6
135,287,-4
135,106,-1
135,167,-3
135,248,-5
135,155,-1
135,256,-3
135,9,-18
135,132,-29
135,232,-1
135,5,-1
135,121,-5
135,291,-7
135,76,-190
135,24,-1
135,182,-2
135,282,-1
135,72,-6
135,71,-1
135,59,-1
136,133,14
136,233,1
136,54,7
136,130,1
136,276,41
136,27,33
136,240,6
136,261,41
136,69,1
136,119,13
136,263,10
136,38,64
136,74,64
136,142,27
136,190,4
136,253,2
136,42,1
137,36,-1
137,164,-8
137,245,-34
137,292,-1
137,243,-4
137,159,-27
137,14,-17
137,7,-1
137,289,-8
137,138,-10
137,85,-53
137,11,-41
137,116,-15
137,184,-17
137,40,-302
138,164,-1
138,245,-7
138,292,-1
138,243,-4
138,159,-15
138,95,-26
138,265,-2
138,223,-1
138,289,-2
138,137,-68
138,19,-1
138,85,-4
138,11,-7
138,116,-12
138,184,-9
138,40,-14
139,230,-1
139,34,-5
140,294,-3
140,8,-5
140,107,-15
140,60,-3
140,47,-4
140,100,-2
140,3,-17
140,211,-1
140,58,-22
140,227,-80
140,124,-15
140,260,-1
140,18,-1
140,77,-1
140,170,-3
140,20,-112
140,153,-6
140,23,-41
140,52,-29
140,43,-1
140,204,-2
140,270,-1
140,208,-5
140,187,-202
140,83,-2
141,268,1
141,2,38
141,120,1
141,292,3
141,221,1
141,149,2
141,132,1
141,111,274
141,189,9
141,112,1
141,199,1
141,102,2
141,55,13
141,224,1
141,169,7
141,117,2
141,94,22
141,67,7
141,125,261
141,13,73
141,235,1
141,33,2
142,203,-14
142,31,-54
142,177,-2
142,64,-3
142,216,-585
142,143,-58
142,136,-28
142,253,-3
142,42,-3
142,274,-18
142,217,-6
142,296,-54
142,221,-1
142,149,-3
142,69,-53
142,194,-27
142,218,-139
142,275,-266
142,129,-29
142,266,-38
142,263,-2
142,68,-41
142,162,-6
142,26,-37
142,94,-49
142,144,-5
142,93,-1276
142,267,-36
143,196,-36
143,203,-2
143,89,-2
143,64,-1
143,123,-175
143,93,-22
143,142,-24
143,81,-68
144,203,-62
144,37,-19
144,98,-1
144,89,-32
144,268,-1
144,193,-43
144,123,-92
144,143,-2
144,13,-12
144,158,-24
144,81,-202
145,199,-3
145,268,-3
145,43,-1
145,249,-1
145,44,-1
146,278,3
146,115,76
146,127,13
146,12,6
146,47,1
146,84,12
146,293,3
146,236,5
146,264,1
146,185,1
146,34,1
146,134,53
146,61,2
146,105,6
146,251,4
146,180,6
146,173,2
146,29,51
146,189,13
146,295,3
146,299,2
146,281,10
146,168,10
146,169,4
146,188,3
146,87,3
146,28,4
146,128,25
147,199,1
147,54,4
147,37,14
147,31,1
147,68,1
147,130,1
147,214,9
147,41,27
147,279,1
147,104,1
147,276,5
147,268,2
147,27,20
147,286,50
147,240,8
147,205,1
147,283,1
147,44,2
147,6,29
147,21,35
147,119,12
147,38,11
147,74,2
147,227,2
147,250,35
147,133,5
147,244,63
147,42,8
148,36,10
148,152,3
148,181,1
148,164,2
148,14,1
148,57,2
148,287,103
148,106,1
148,264,1
148,154,1
148,167,1
148,30,1
148,85,34
148,163,1
148,7,9
148,11,1
148,208,3
148,116,1
148,184,1
148,272,1
148,70,1066
148,121,4
148,82,115
148,24,4
148,72,2
148,40,10
148,88,268
148,280,1
149,204,-2
149,111,-1
149,67,-1
149,132,-5
149,263,-1
149,5,-1
149,120,-6
149,24,-1
149,142,-20
149,112,-1
150,78,1
150,114,4
150,195,2
150,297,4
150,35,137
150,63,2
150,211,1
150,270,11
150,208,3
150,187,1
150,170,9
150,207,92
150,153,3
150,58,1
150,179,338
150,100,5
150,84,1
150,260,156
151,206,-63
151,183,-5
151,53,-15
151,219,-29
151,265,-1
151,229,-38
151,222,-8
151,178,-6
151,223,-1
151,224,-4
151,86,-803
152,287,-8
152,200,-23
152,264,-2
152,170,-1
152,11,-3
152,116,-263
152,121,-1
152,82,-4
152,182,-1
152,78,-5
152,223,-1
152,36,-4
152,57,-11
152,206,-3
152,255,-1
152,272,-1
152,192,-2
152,154,-5
152,256,-5
152,72,-10
152,9,-1
152,282,-6
152,163,-7
152,159,-5
152,14,-19
152,7,-19
152,66,-1
152,88,-3
152,70,-2
153,150,-4
153,164,-2
153,198,-1
153,8,-11
153,107,-25
153,60,-10
153,207,-9
153,140,-13
153,179,-3
153,100,-75
153,84,-4
153,78,-1
153,75,-1
153,3,-4
153,35,-3
153,211,-12
153,163,-1
153,58,-9
153,45,-4
153,227,-7
153,124,-3
153,260,-6
153,1,-197
153,114,-3
153,147,-5
153,18,-19
153,170,-30
153,232,-1
153,20,-435
153,50,-7
153,199,-2
153,99,-23
153,23,-19
153,52,-1
153,297,-3
153,43,-7
153,168,-4
153,249,-9
153,204,-29
153,270,-6
153,208,-6
153,187,-91
153,83,-16
153,49,-24
154,36,-13
154,164,-13
154,9,-1
154,264,-8
154,24,-1
154,14,-5
154,231,-1
154,7,-27
154,170,-2
154,88,-11
154,256,-1
154,148,-6
154,116,-4
154,121,-2
154,82,-4
154,76,-1
154,72,-1
154,40,-1
155,115,1
155,239,9
155,210,2
155,167,1
155,121,1
155,182,9
155,223,2
155,295,1
155,15,1
155,183,1
155,139,1
155,161,11
155,101,1
155,228,4
155,34,1
155,252,1
156,160,-3
156,39,-299
156,126,-422
156,223,-5
156,16,-47
156,101,-4
157,268,-1
157,193,-6
157,110,-2
157,141,-2
157,81,-67
157,196,-1
157,221,-2
157,175,-1
157,123,-13
157,1,-2
157,89,-101
157,259,-3
157,263,-4
157,102,-7
157,242,-2
157,91,-17
157,125,-1
157,13,-110
157,215,-4
158,203,75
158,98,300
158,64,57
158,247,1
158,37,679
158,89,18
158,102,1
158,94,19
158,144,23
158,13,41
159,292,-10
159,90,-30
159,265,-8
159,137,-919
159,138,-27
159,11,-57
159,116,-37
159,82,-2
159,245,-38
159,280,-2
159,243,-19
159,223,-4
159,157,-1
159,237,-1
159,184,-29
159,40,-230
159,36,-5
159,206,-1
159,154,-2
159,19,-1
159,85,-6
159,256,-3
159,164,-4
159,95,-930
159,14,-23
159,7,-10
159,289,-15
159,142,-1
160,228,-3
160,39,-6
160,176,-1
160,254,-18
160,280,-2
160,126,-12
160,122,-2
160,264,-1
160,10,-3
160,156,-2
160,165,-5
160,223,-2
160,16,-1
160,189,-1
160,224,-182
160,256,-1
160,101,-3
160,172,-16
161,239,11
161,182,8
161,8,1
161,230,2
161,139,1
161,228,2
161,155,3
161,252,1
162,133,9
162,54,5
162,217,10
162,37,5
162,17,1
162,41,15
162,276,8
162,27,11
162,286,12
162,240,19
162,6,3
162,21,6
162,261,3
162,48,11
162,119,28
162,263,12
162,38,3
162,74,48
162,250,8
162,142,9
162,244,2
162,42,16
163,78,20
163,257,3
163,36,1
163,152,6
163,192,57
163,181,39
163,43,20
163,164,1
163,18,2
163,14,3
163,168,4
163,231,3
163,57,3
163,287,8
163,106,5
163,154,2
163,211,1
163,167,6
163,270,1
163,30,8
163,85,3
163,208,6
163,60,1
163,256,9
163,148,1
163,187,2
163,255,1
163,135,3
163,9,35
163,132,4
163,272,11
163,153,1
163,70,5
163,179,9
163,291,3
163,121,4
163,24,30
163,182,1
163,282,26
163,72,10
163,84,41
163,40,4
163,280,2
164,36,6
164,287,1
164,60,1
164,9,1
164,47,1
164,207,2
164,5,11
164,179,1
164,100,28
164,84,26
164,292,1
164,280,1
164,152,68
164,35,20
164,163,6
164,132,83
164,45,4
164,24,22
164,260,27
164,90,10
164,1,2
164,159,2
164,257,2
164,95,1
164,181,4
164,105,1
164,14,4
164,30,3
164,7,1
164,265,1
164,20,1
164,272,2
164,153,1
164,137,1
164,88,2
164,192,15
164,23,39
164,297,1
164,204,11
164,154,95
164,167,1
164,11,11
164,256,5
164,148,3
164,187,3
164,116,2
164,184,5
164,67,1
164,83,6
164,70,7
164,121,1
164,82,4
164,72,69
165,150,8
165,177,1
165,63,1
165,228,10
165,115,64
165,97,5
165,206,19
165,285,1
165,183,4
165,12,5
165,160,10
165,47,4
165,298,1
165,288,4
165,39,2
165,176,21
165,254,4
165,100,89
165,126,21
165,122,465
165,200,2
165,236,2
165,264,32
165,211,3
165,10,345
165,284,429
165,34,1
165,260,2
165,134,6
165,209,10
165,251,1
165,79,2
165,180,27
165,173,3
165,223,12
165,146,2
165,55,1
165,195,3
165,108,526
165,281,24
165,224,3
165,171,7
165,256,11
165,188,369
165,101,13
165,172,4
165,87,2
165,49,1
165,28,3
165,128,5
166,278,-1
166,127,-169
166,60,-1
166,84,-2
166,141,-2
166,151,-1
166,292,-184
166,280,-1
166,293,-2
166,190,-1
166,260,-2
166,1,-2
166,105,-14
166,29,-140
166,295,-19
166,43,-1
166,205,-3
166,224,-1
166,46,-1
166,91,-129
166,167,-1
166,235,-1
166,33,-37
166,215,-132
167,92,-1
167,57,-70
167,287,-170
167,106,-28
167,9,-469
167,5,-23
167,120,-9
167,282,-1
167,84,-1
167,78,-7
167,293,-1
167,163,-6
167,155,-4
167,132,-12
167,24,-7
167,201,-3
167,257,-124
167,181,-68
167,111,-1
167,30,-160
167,66,-27
167,223,-1
167,166,-1
167,272,-2
167,291,-1
167,112,-6
167,192,-9
167,55,-1
167,19,-1
167,256,-3
167,187,-3
167,67,-4
167,135,-21
167,70,-4
167,121,-7
167,76,-8
167,182,-6
167,72,-3
167,40,-1
168,161,-1
168,78,-3
168,23,-1
168,52,-2
168,297,-1
168,35,-1
168,164,-1
168,18,-7
168,278,-14
168,249,-27
168,77,-6
168,239,-2
168,204,-25
168,8,-51
168,19,-2
168,107,-1
168,208,-4
168,67,-2
168,170,-1
168,47,-2
168,207,-445
168,20,-2
168,185,-32
168,153,-15
168,227,-1
168,100,-212
168,84,-1
168,235,-4
168,1,-9
169,191,4
169,183,2
169,12,21
169,47,1
169,280,1
169,293,3
169,264,4
169,73,5
169,155,1
169,197,2
169,34,1
169,113,1
169,134,663
169,105,7
169,146,487
169,55,3
169,28,198
169,128,536
170,161,8
170,78,4
170,257,70
170,36,1
170,75,2
170,152,100
170,192,63
170,23,1
170,52,5
170,181,129
170,299,1
170,35,27
170,18,64
170,278,12
170,168,70
170,77,4
170,239,14
170,115,2
170,204,5
170,57,121
170,287,233
170,106,12
170,8,39
170,154,98
170,167,1
170,19,2
170,30,2
170,155,15
170,208,1
170,256,3
170,187,6
170,9,151
170,47,31
170,207,80
170,132,2
170,223,3
170,20,22
170,185,2
170,153,2
170,5,20
170,58,23
170,70,161
170,179,48
170,121,81
170,76,3
170,227,3
170,24,12
170,182,4
170,282,66
170,100,15
170,72,101
170,84,4
170,88,1
170,260,39
170,1,1
171,115,-9
171,108,-2
171,96,-517
171,114,-3
171,297,-4
171,183,-1
171,35,-1
171,211,-8
171,284,-2
171,165,-1
171,188,-9
171,63,-9
171,47,-4
171,260,-3
172,228,-1
172,160,-12
172,176,-2
172,254,-6
172,126,-45
172,243,-3
172,122,-2
172,165,-4
172,223,-2
172,295,-2
172,224,-2
172,256,-1
172,101,-22
173,115,-5
173,202,-33
173,236,-6
173,134,-2
173,61,-179
173,209,-2
173,251,-756
173,180,-28
173,281,-42
173,188,-1416
173,234,-1121
173,87,-87
174,191,-13
174,177,-34
174,115,-1
174,127,-2
174,285,-54
174,47,-1
174,298,-4
174,288,-18
174,293,-1
174,211,-2
174,45,-12
174,220,-49
174,209,-5
174,79,-12
174,103,-14
174,99,-30
174,195,-12
174,49,-275
174,241,-2
175,92,-124
175,226,-9
175,75,-1
175,55,-2
175,193,-2
175,237,-1
175,169,-2
175,115,-3
175,259,-3
175,46,-3
175,242,-1
175,91,-80
175,167,-1
175,66,-3
175,67,-2
175,183,-1
175,110,-52
175,246,-4
175,13,-1
175,213,-4
175,141,-4
175,189,-7
175,201,-3
175,112,-1
175,292,-5
175,212,-126
175,1,-1
175,215,-61
176,278,-1
176,228,-1
176,115,-1
176,127,-1
176,183,-3
176,160,-11
176,12,-2
176,96,-1
176,254,-6
176,292,-1
176,280,-1
176,126,-14
176,200,-1
176,264,-4
176,73,-1
176,10,-3
176,185,-4
176,284,-4
176,134,-3
176,105,-1
176,165,-2
176,223,-1
176,146,-13
176,108,-1
176,224,-1
176,19,-1
176,256,-1
176,188,-1
176,101,-2
176,172,-6
176,28,-17
176,128,-5
177,150,-2
177,115,-7
177,285,-27
177,110,-3
177,127,-9
177,97,-3
177,298,-17
177,79,-16
177,195,-39
177,297,-3
177,174,-971
177,49,-225
177,241,-1058
177,288,-19
177,211,-3
177,220,-14
177,213,-2
177,209,-7
177,103,-12
177,99,-58
177,46,-1
177,191,-57
177,47,-1
177,185,-2
177,45,-4
178,206,-691
178,273,-9
178,151,-27
178,53,-46
178,264,-1
178,219,-67
178,265,-2
178,222,-3
178,223,-5
178,86,-48
179,150,-5
179,114,-2
179,3,-2
179,23,-2
179,52,-6
179,43,-2
179,35,-9
179,164,-1
179,18,-6
179,278,-72
179,77,-2
179,63,-1
179,127,-1
179,204,-7
179,8,-6
179,270,-11
179,107,-5
179,208,-6
179,187,-36
179,170,-6
179,47,-1
179,207,-26
179,83,-9
179,20,-18
179,140,-1
179,153,-221
179,288,-3
179,58,-191
179,50,-1
179,227,-1
179,84,-4
179,124,-7
179,260,-4
180,115,-6
180,202,-23
180,35,-1
180,236,-43
180,61,-3
180,209,-4
180,251,-44
180,165,-2
180,173,-40
180,229,-3
180,146,-4
180,281,-5
180,188,-728
180,234,-1
180,87,-21
181,36,-8
181,164,-1
181,57,-281
181,287,-7
181,106,-23
181,9,-5
181,5,-13
181,120,-1
181,282,-2
181,78,-110
181,163,-236
181,132,-152
181,24,-14
181,201,-1
181,71,-2
181,257,-17
181,231,-8
181,30,-39
181,7,-1
181,170,-17
181,272,-4
181,88,-1
181,192,-357
181,237,-1
181,154,-40
181,167,-63
181,19,-5
181,248,-7
181,11,-63
181,256,-3
181,148,-6
181,187,-5
181,135,-5
181,70,-12
181,121,-16
181,76,-22
181,182,-2
181,72,-2
181,40,-1
182,239,9
182,67,1
182,121,1
182,76,3
182,295,1
182,15,1
182,139,4
182,161,14
182,19,1
182,258,1
182,228,3
182,155,12
182,201,1
182,34,2
182,252,3
183,115,345
183,12,57
183,264,32
183,73,3
183,108,4
183,171,18
183,182,1
183,176,4
183,293,1
183,113,4
183,197,1
183,284,8
183,105,4
183,165,3
183,224,1
183,188,10
183,28,27
183,47,9
183,34,7
183,134,816
183,146,9
183,169,1
183,128,779
184,36,-36
184,164,-2
184,245,-2012
184,292,-71
184,280,-11
184,159,-70
184,95,-12
184,14,-7
184,7,-1
184,265,-99
184,223,-1
184,289,-9
184,137,-10
184,138,-13
184,88,-2
184,19,-355
184,85,-5
184,148,-2
184,116,-20
184,82,-10
184,40,-8
185,177,-28
185,278,-1
185,115,-1
185,127,-1
185,285,-344
185,298,-589
185,288,-1
185,100,-1
185,293,-5
185,211,-5
185,209,-14
185,79,-22
185,157,-1
185,103,-10
185,99,-1
185,23,-1
185,242,-1
185,174,-5
185,241,-1
186,243,-2
186,4,-2
186,245,-1
186,259,-1
186,46,-1
186,117,-1
186,265,-1
186,213,-2
186,190,-1
186,277,-1
186,212,-2
186,1,-1
186,159,-3
187,192,2
187,23,1
187,52,2
187,181,1
187,43,153
187,299,1
187,35,2
187,18,13
187,278,10
187,168,20
187,77,3
187,231,1
187,57,1
187,8,12
187,167,1
187,270,22
187,163,1
187,208,24
187,60,35
187,170,8
187,9,1
187,207,4
187,83,1
187,20,2
187,272,1
187,140,6
187,153,6
187,49,7
187,58,1
187,70,4
187,45,2
187,179,35
187,227,2
187,24,1
187,282,4
187,100,3
187,84,139
187,260,24
187,1,1
188,115,-20
188,264,-11
188,251,-1297
188,108,-16
188,171,-11
188,96,-10
188,176,-3
188,61,-217
188,180,-476
188,195,-3
188,281,-714
188,234,-108
188,87,-1
188,202,-57
188,183,-3
188,288,-13
188,284,-17
188,209,-3
188,165,-2
188,173,-12
188,47,-6
188,236,-15
188,134,-1
188,146,-6
189,160,245
189,39,7
189,254,193
189,280,1
189,126,26
189,243,4
189,165,15
189,16,1
189,295,1
189,55,4
189,91,1
189,101,223
189,172,181
189,182,1
190,54,1
190,224,1
190,261,1
190,66,2
190,67,2
190,183,1
190,135,3
190,280,2
191,177,-47
191,127,-1
191,285,-8
191,12,-1
191,298,-3
191,288,-4
191,264,-1
191,73,-1
191,220,-19
191,197,-1
191,134,-10
191,209,-1
191,105,-1
191,79,-11
191,146,-1
191,103,-6
191,99,-197
191,195,-11
191,174,-5
191,49,-357
191,241,-8
191,28,-24
191,128,-10
192,78,1
192,257,2
192,152,5
192,181,9
192,175,34
192,57,1
192,259,8
192,287,12
192,106,6
192,167,2
192,30,1
192,2,4
192,155,3
192,256,4
192,66,2
192,67,14
192,9,1
192,132,1
192,121,1
192,76,9
192,24,2
192,182,4
192,72,3
192,84,1
192,112,1
193,196,3
193,226,1
193,274,1
193,4,2
193,89,2
193,102,5
193,242,3
193,29,2
193,123,7
193,13,5
193,201,2
193,81,45
194,133,28
194,233,2
194,54,8
194,257,3
194,130,2
194,276,37
194,27,11
194,240,14
194,261,234
194,26,1
194,119,5
194,263,2
194,38,94
194,74,59
194,142,38
194,190,4
194,253,1
194,42,2
195,150,-5
195,191,-2
195,177,-1
195,164,-2
195,63,-2
195,97,-10
195,60,-5
195,285,-1
195,47,-3
195,207,-1
195,298,-1
195,96,-4
195,288,-6
195,100,-13
195,84,-2
195,211,-3
195,163,-2
195,58,-1
195,45,-9
195,220,-35
195,260,-12
195,209,-1
195,79,-1
195,20,-223
195,153,-3
195,99,-324
195,297,-2
195,168,-2
195,270,-33
195,208,-1
195,174,-1
195,187,-83
195,49,-8
195,241,-1
196,274,8
196,4,2
196,89,11
196,215,1
196,221,4
196,175,1
196,193,1
196,216,1
196,123,51
196,229,2
196,263,1
196,93,1
196,120,1
196,13,2
196,142,2
196,201,4
196,81,6
196,253,3
197,191,-1
197,115,-4
197,264,-1
197,73,-362
197,34,-2
197,113,-51
197,134,-9
197,146,-2
197,28,-563
197,128,-6
198,199,-1
198,23,-5
198,52,-6
198,43,-4
198,18,-1
198,249,-4
198,204,-10
198,44,-2
198,8,-8
198,107,-1
198,170,-2
198,20,-5
198,153,-4
198,50,-3
198,227,-10
198,100,-14
198,124,-1
198,1,-34
199,268,-1
199,145,-1
199,44,-2
199,107,-1
199,60,-7
199,5,-1
199,141,-1
199,42,-1
199,227,-1
199,1,-19
199,147,-1
199,18,-1
199,77,-1
199,111,-1
199,29,-29
199,99,-14
199,43,-1
199,249,-66
199,117,-2
199,49,-88
200,264,-1
200,10,-1
200,219,-1
200,225,-554
200,152,-4
200,222,-2
200,223,-11
200,206,-49
200,224,-1
200,72,-2
200,122,-8
201,92,10
201,121,1
201,257,1
201,213,1
201,175,1
201,280,3
201,155,6
202,115,-1
202,236,-19
202,61,-14
202,209,-1
202,251,-1335
202,180,-5
202,173,-13
202,281,-2
202,188,-84
202,234,-55
202,87,-1
203,37,-3
203,98,-4
203,89,-4
203,221,-2
203,268,-10
203,275,-43
203,94,-9
203,216,-6
203,123,-1
203,144,-116
203,263,-33
203,143,-2
203,93,-37
203,246,-2
203,158,-13
203,142,-8
203,81,-2
204,75,1
204,43,4
204,35,8
204,18,1
204,168,3
204,249,1
204,77,17
204,169,1
204,44,4
204,8,4
204,111,2
204,167,3
204,107,3
204,2,28
204,67,1
204,170,1
204,135,1
204,125,5
204,47,12
204,207,86
204,153,1
204,5,13
204,121,9
204,227,2
204,141,13
204,189,11
204,235,39
204,190,1
204,260,1
204,1,175
205,75,1
205,41,4
205,52,1
205,286,1
205,169,1
205,271,1
205,97,3
205,186,1
205,47,1
205,84,1
205,238,1
205,244,1
206,273,-10
206,200,-25
206,264,-2
206,10,-16
206,219,-67
206,90,-1
206,178,-402
206,116,-12
206,225,-21
206,126,-1
206,53,-24
206,229,-74
206,222,-321
206,223,-7
206,165,-20
206,224,-2
206,256,-1
206,151,-41
206,122,-22
206,14,-4
206,86,-829
207,150,6
207,36,2
207,278,23
207,63,1
207,198,1
207,127,2
207,8,14
207,107,1
207,47,9
207,179,13
207,100,6
207,84,12
207,78,4
207,35,6
207,293,3
207,211,4
207,185,3
207,58,12
207,45,1
207,227,6
207,260,10
207,1,2
207,114,1
207,18,20
207,77,6
207,239,1
207,170,17
207,20,27
207,153,9
207,50,3
207,161,2
207,23,2
207,52,18
207,297,2
207,43,3
207,299,1
207,168,378
207,249,18
207,204,11
207,270,9
207,208,9
207,187,1
207,83,1
207,49,1
207,235,2
208,150,-2
208,161,-1
208,99,-1
208,78,-52
208,114,-68
208,192,-2
208,52,-50
208,181,-3
208,299,-4
208,35,-1
208,18,-13
208,278,-5
208,77,-4
208,249,-1
208,231,-13
208,63,-155
208,57,-29
208,287,-2
208,8,-1
208,211,-2
208,167,-1
208,270,-12
208,163,-1
208,107,-2
208,187,-1
208,170,-73
208,47,-8
208,207,-8
208,20,-633
208,153,-6
208,49,-3
208,58,-51
208,70,-2
208,179,-2
208,121,-1
208,76,-71
208,227,-3
208,282,-1
208,100,-3
208,72,-1
208,84,-26
208,88,-1
208,260,-1
208,1,-2
209,191,-2
209,177,-21
209,115,-2
209,127,-3
209,97,-2
209,285,-782
209,47,-1
209,298,-258
209,288,-14
209,100,-1
209,293,-3
209,211,-3
209,185,-153
209,79,-2
209,146,-1
209,103,-2
209,99,-1
209,46,-2
209,174,-1
209,188,-1
209,241,-8
210,228,-3
211,150,2
211,161,20
211,99,2
211,78,2
211,36,2
211,114,9
211,192,1
211,23,3
211,52,2
211,195,1
211,181,1
211,297,2
211,43,30
211,35,6
211,18,13
211,278,214
211,63,10
211,239,5
211,127,27
211,57,2
211,287,32
211,154,2
211,167,4
211,270,32
211,155,3
211,208,168
211,285,1
211,170,1
211,207,3
211,83,3
211,20,5
211,298,3
211,140,4
211,153,11
211,288,6
211,58,1
211,45,1
211,121,1
211,76,1
211,182,8
211,100,37
211,84,4
211,124,3
211,292,1
211,1,1
211,280,2
212,161,4
212,226,5
212,4,264
212,175,28
212,105,1
212,293,3
212,239,6
212,259,126
212,117,1
212,185,1
212,32,22
212,246,3
212,277,3
212,186,44
213,92,-3
213,226,-1
213,78,-2
213,177,-19
213,209,-4
213,293,-1
213,127,-1
213,46,-7
213,211,-1
213,97,-9
213,167,-1
213,186,-5
213,174,-2
213,285,-7
213,110,-4
213,201,-1
213,190,-1
214,233,28
214,279,34
214,48,104
214,51,66
214,217,17
214,22,24
214,286,10
214,6,10
214,0,71
214,80,67
214,250,32
214,41,25
214,147,6
214,104,53
214,271,28
214,21,57
214,118,149
214,244,2
214,130,8
214,205,11
214,162,17
214,262,45
214,238,29
215,274,62
215,175,23
215,259,23
215,46,55
215,91,8
215,97,86
215,110,2
215,246,87
215,189,1
215,109,4
216,196,-169
216,203,-84
216,274,-11
216,221,-18
216,102,-18
216,275,-1
216,123,-2
216,93,-79
216,142,-66
217,133,9
217,54,4
217,31,2
217,37,13
217,214,1
217,41,23
217,276,10
217,268,4
217,27,5
217,286,2
217,240,15
217,162,22
217,6,9
217,21,4
217,261,2
217,48,9
217,119,44
217,263,13
217,74,53
217,250,7
217,142,5
217,253,1
217,244,3
217,42,23
218,133,95
218,233,2
218,54,52
218,257,1
218,17,31
218,130,2
218,276,65
218,27,20
218,240,12
218,261,1
218,129,81
218,26,1
218,69,1
218,119,8
218,263,1
218,38,269
218,74,206
218,142,42
218,253,74
219,206,-904
219,273,-17
219,151,-37
219,53,-22
219,229,-695
219,222,-20
219,178,-31
219,223,-3
219,86,-542
220,191,3
220,195,44
220,177,1
220,35,1
220,18,8
220,79,3
220,249,16
220,270,1
220,208,23
220,174,1
220,187,2
220,285,1
220,207,3
220,153,12
220,288,1
220,49,1
220,58,10
220,179,80
220,260,3
221,196,83
221,274,1
221,37,1
221,89,2
221,102,1
221,268,1
221,131,3
221,193,73
221,94,3
221,216,1
221,123,83
221,263,4
221,157,1
221,143,1
221,93,1
221,13,3
221,247,1
221,142,3
221,81,88
222,206,-462
222,273,-8
222,151,-30
222,53,-38
222,200,-2
222,264,-2
222,219,-28
222,265,-1
222,229,-2
222,178,-1
222,223,-2
222,86,-12
222,234,-1
223,225,192
223,245,1
223,228,1
223,287,13
223,206,20
223,183,1
223,160,58
223,176,1
223,254,10
223,273,3
223,292,2
223,280,4
223,126,263
223,53,18
223,152,1
223,122,15
223,200,15
223,264,2
223,155,1
223,10,15
223,156,1
223,219,15
223,159,63
223,14,3
223,165,10
223,265,3
223,222,4
223,178,6
223,16,1
223,161,1
223,224,3
223,86,2
223,167,1
223,19,2
223,256,3
223,116,6
223,184,4
223,101,55
223,172,9
223,72,1
224,200,12
224,264,3
224,10,3
224,239,2
224,176,1
224,254,33
224,280,3
224,126,14
224,243,1
224,223,272
224,295,1
224,55,2
224,172,39
224,206,13
224,160,603
224,175,1
224,156,4
224,165,38
224,161,2
224,256,3
224,101,634
224,228,5
224,122,4
224,155,1
224,189,2
225,206,-21
225,200,-208
225,264,-2
225,223,-3
225,256,-1
225,116,-4
226,92,-162
226,269,-8
226,75,-1
226,175,-3
226,259,-1
226,91,-3
226,66,-1
226,246,-7
226,213,-48
226,201,-121
226,277,-3
226,212,-1
227,279,-1
227,278,-1
227,294,-1
227,198,-4
227,8,-6
227,107,-4
227,60,-4
227,47,-3
227,207,-3
227,140,-9
227,179,-1
227,84,-1
227,3,-4
227,45,-1
227,124,-1
227,260,-1
227,1,-12
227,18,-6
227,77,-6
227,118,-1
227,153,-1
227,99,-7
227,23,-266
227,52,-4
227,297,-1
227,168,-1
227,249,-14
227,204,-22
227,187,-2
227,83,-5
227,262,-1
228,15,664
228,160,7
228,176,1
228,254,9
228,280,1
228,126,2
228,122,3
228,34,1
228,165,663
228,210,848
228,178,1
228,223,4
228,55,1
228,224,4
228,256,3
228,101,9
228,172,11
228,258,759
229,161,14
229,53,15
229,4,3
229,281,211
229,224,9
229,180,222
229,293,5
229,239,18
229,86,121
229,206,76
229,183,13
229,222,3
229,178,4
229,185,1
229,219,21
229,151,20
230,34,-5
231,161,3
231,78,2
231,257,1
231,52,1
231,181,55
231,18,3
231,278,1
231,168,17
231,77,1
231,57,13
231,287,2
231,106,1
231,167,2
231,270,1
231,30,2
231,85,1
231,163,2
231,208,3
231,256,40
231,135,32
231,9,33
231,47,17
231,207,1
231,83,2
231,20,2
231,140,1
231,58,2
231,70,93
231,121,19
231,82,3
231,76,1
231,227,1
231,24,43
231,282,2
231,72,2
231,84,31
231,190,1
232,191,1
232,268,9
232,127,3
232,106,1
232,107,3
232,60,1
232,255,1
232,47,19
232,140,14
232,292,3
232,42,12
232,155,2
232,34,2
232,124,5
232,239,7
232,30,10
232,166,1
232,153,16
232,291,9
232,246,4
232,295,2
232,199,1
232,161,3
232,226,12
232,52,1
232,237,1
232,56,31
232,256,12
232,121,1
233,31,2
233,279,16
233,48,17
233,119,52
233,51,18
233,136,22
233,74,25
233,133,23
233,54,165
233,217,1
233,296,20
233,214,229
233,22,5
233,286,20
233,6,22
233,261,13
233,0,7
233,69,42
233,38,19
233,80,47
233,250,101
233,194,38
233,41,31
233,147,1
233,104,7
233,27,184
233,218,57
233,271,14
233,21,77
233,129,14
233,266,14
233,118,41
233,244,155
233,68,9
233,130,68
233,276,16
233,240,47
233,162,1
233,26,17
233,267,6
233,262,24
233,238,9
234,61,14
234,281,13
234,251,175
234,224,16
234,180,8
234,236,8
234,228,1
234,173,12
234,155,5
234,202,33
234,188,96
234,183,24
234,222,291
234,178,323
234,87,1
234,182,8
234,146,1
234,201,2
234,212,1
235,23,-67
235,43,-99
235,168,-116
235,249,-75
235,77,-9
235,239,-1
235,204,-8
235,259,-3
235,46,-1
235,107,-1
235,29,-7
235,2,-7
235,67,-21
235,125,-1
235,207,-1
235,50,-3
235,227,-4
235,1,-15
236,115,-3
236,202,-29
236,264,-1
236,134,-6
236,61,-121
236,251,-706
236,180,-24
236,173,-5
236,281,-36
236,188,-1297
236,234,-991
236,87,-66
237,245,-11
237,110,-3
237,159,-112
237,14,-49
237,289,-17
237,137,-6
237,138,-10
237,85,-1
237,116,-1
238,233,2
238,217,1
238,37,23
238,214,10
238,130,1
238,41,59
238,268,4
238,286,21
238,205,1
238,283,5
238,6,11
238,21,6
238,48,38
238,227,9
238,250,5
238,244,2
238,42,9
239,278,2
239,259,1
239,168,1
239,182,9
239,293,1
239,8,1
239,15,1
239,183,1
239,207,2
239,230,1
239,35,1
239,139,1
239,227,1
239,161,13
239,52,1
239,258,3
239,228,1
239,155,5
239,34,1
239,29,1
239,252,4
240,233,-45
240,31,-30
240,119,-20
240,136,-5
240,74,-531
240,133,-715
240,54,-328
240,217,-32
240,296,-70
240,261,-67
240,69,-50
240,38,-497
240,190,-8
240,194,-46
240,147,-7
240,27,-385
240,218,-35
240,129,-21
240,266,-16
240,68,-22
240,130,-43
240,276,-785
240,162,-27
240,26,-11
240,13,-9
240,267,-17
241,191,-9
241,177,-39
241,63,-1
241,285,-27
241,47,-2
241,298,-15
241,288,-8
241,45,-12
241,220,-52
241,209,-2
241,79,-9
241,103,-8
241,99,-35
241,195,-9
241,174,-3
241,49,-208
242,196,1
242,226,1
242,269,1
242,37,4
242,102,5
242,268,2
242,193,394
242,259,1
242,91,2
242,117,11
242,157,6
242,158,1
242,81,3
243,245,-4
243,160,-12
243,292,-3
243,126,-17
243,159,-23
243,95,-4
243,14,-1
243,289,-1
243,137,-2
243,16,-1
243,138,-5
243,85,-6
243,11,-80
243,184,-2
243,101,-12
243,172,-2
243,40,-154
244,233,16
244,31,6
244,279,37
244,48,87
244,51,7
244,217,27
244,22,11
244,286,21
244,6,3
244,0,31
244,80,43
244,250,39
244,41,11
244,147,33
244,104,41
244,271,36
244,21,50
244,118,95
244,130,16
244,205,14
244,162,17
244,262,66
244,238,7
245,36,4
245,164,1
245,292,83
245,280,2
245,186,1
245,243,2
245,159,380
245,95,8
245,14,3
245,7,2
245,265,37
245,223,1
245,289,5
245,137,20
245,138,9
245,88,6
245,237,50
245,154,1
245,19,25
245,85,1
245,11,1
245,116,18
245,184,331
246,226,-27
246,4,-216
246,221,-1
246,259,-4
246,66,-4
246,32,-88
246,13,-4
246,109,-4
246,201,-1
246,277,-1
246,212,-228
246,215,-5
246,186,-91
247,279,-1
247,283,-9
247,51,-72
247,81,-60
247,42,-8
247,217,-2
247,221,-10
247,22,-24
247,80,-105
247,37,-82
247,147,-2
247,118,-12
247,102,-4
247,131,-7
247,262,-6
247,238,-2
248,78,1
248,257,7
248,152,1
248,192,2
248,181,6
248,106,23
248,154,3
248,167,5
248,30,20
248,163,1
248,256,5
248,255,17
248,9,1
248,272,26
248,5,4
248,291,26
248,121,2
248,76,1
248,24,10
248,282,3
248,84,1
248,71,48
248,59,29
249,23,28
249,52,1
249,43,1
249,18,7
249,168,6
249,77,4
249,204,35
249,259,13
249,8,13
249,107,1
249,29,1
249,67,4
249,170,4
249,207,3
249,83,1
249,153,1
249,157,3
249,227,4
249,100,8
249,235,250
249,112,19
249,1,281
250,233,-43
250,31,-7
250,279,-23
250,48,-73
250,51,-14
250,217,-25
250,214,-231
250,22,-11
250,286,-639
250,6,-611
250,0,-12
250,80,-11
250,41,-463
250,147,-30
250,104,-11
250,271,-36
250,21,-36
250,118,-71
250,244,-307
250,130,-30
250,205,-4
250,162,-31
250,262,-80
250,238,-11
251,115,-10
251,202,-83
251,236,-448
251,61,-32
251,209,-5
251,180,-1322
251,165,-1
251,173,-518
251,281,-1281
251,188,-165
251,234,-142
251,87,-14
252,230,-2
252,34,-4
253,31,-1
253,42,-6
253,296,-5
253,221,-6
253,123,-43
253,69,-25
253,194,-2
253,218,-89
253,129,-65
253,263,-1
253,17,-5
253,102,-2
253,26,-25
253,142,-83
253,267,-1
254,228,-5
254,160,-12
254,280,-1
254,126,-100
254,243,-4
254,122,-2
254,264,-1
254,165,-1
254,223,-2
254,16,-1
254,295,-3
254,55,-2
254,224,-1
254,256,-1
254,101,-12
254,172,-14
255,36,-1
255,152,-2
255,106,-3
255,30,-1
255,163,-1
255,248,-105
255,291,-11
255,121,-1
255,76,-2
255,24,-1
255,72,-7
255,71,-22
255,59,-22
256,225,-30
256,36,-3
256,164,-1
256,287,-1
256,106,-1
256,206,-24
256,160,-1
256,176,-1
256,254,-3
256,126,-332
256,243,-1
256,152,-8
256,122,-120
256,200,-16
256,264,-5
256,155,-7
256,10,-76
256,14,-6
256,165,-224
256,7,-3
256,265,-5
256,170,-1
256,178,-6
256,222,-7
256,223,-12
256,137,-1
256,291,-1
256,192,-4
256,224,-1
256,154,-4
256,11,-1
256,148,-1
256,116,-15
256,184,-19
256,101,-8
256,172,-5
256,121,-1
256,82,-3
256,182,-13
256,72,-1
257,78,-4
257,296,-2
257,192,-67
257,181,-7
257,164,-1
257,287,-5
257,106,-8
257,154,-1
257,167,-10
257,30,-11
257,248,-12
257,11,-5
257,129,-1
257,155,-1
257,256,-1
257,26,-6
257,187,-1
257,135,-10
257,132,-194
257,272,-3
257,263,-2
257,5,-21
257,70,-1
257,121,-6
257,291,-13
257,76,-4
257,24,-10
257,72,-1
257,71,-1
257,194,-6
257,253,-1
258,228,-4
258,15,-2
258,210,-1
259,92,-170
259,226,-7
259,269,-1
259,75,-4
259,4,-1
259,215,-36
259,175,-4
259,105,-1
259,91,-57
259,167,-1
259,66,-2
259,110,-36
259,121,-1
259,246,-7
259,213,-1
259,189,-2
259,109,-1
259,277,-1
259,292,-6
259,212,-163
259,1,-2
260,150,-15
260,177,-6
260,278,-6
260,115,-2
260,100,-14
260,170,-4
260,168,-1
260,171,-26
260,96,-3
260,179,-4
260,3,-1
260,114,-4
260,180,-1
260,20,-18
260,195,-16
260,208,-2
260,187,-3
260,83,-1
260,60,-3
260,288,-224
260,35,-8
260,211,-2
260,58,-5
260,165,-3
260,99,-4
260,270,-1
260,188,-1
260,63,-1
260,47,-9
260,84,-1
260,45,-1
260,153,-12
261,133,12
261,233,8
261,54,152
261,217,2
261,296,244
261,31,6
261,68,236
261,130,6
261,147,1
261,276,6
261,27,204
261,218,7
261,240,9
261,129,8
261,266,267
261,26,265
261,119,18
261,38,139
261,136,69
261,74,194
261,190,54
261,267,286
261,194,388
262,233,3
262,37,28
262,130,2
262,214,7
262,41,160
262,268,1
262,286,38
262,131,3
262,283,9
262,6,60
262,21,13
262,48,212
262,227,1
262,247,5
262,250,16
262,238,1
262,244,13
262,42,27
263,31,-12
263,106,-2
263,216,-1
263,120,-3
263,81,-4
263,253,-3
263,274,-15
263,217,-1
263,296,-1
263,221,-17
263,123,-11
263,69,-7
263,257,-4
263,89,-29
263,218,-1
263,275,-1
263,266,-1
263,157,-1
263,68,-2
263,17,-3
263,102,-14
263,162,-2
263,94,-2
263,25,-2
263,142,-4
263,267,-10
264,225,2
264,36,2
264,164,1
264,228,1
264,115,16
264,206,306
264,183,2
264,160,1
264,12,6
264,47,9
264,176,2
264,273,3
264,126,2
264,122,346
264,200,4
264,293,1
264,116,4
264,10,383
264,284,333
264,34,5
264,159,2
264,134,10
264,14,1
264,165,49
264,7,13
264,265,6
264,222,15
264,178,27
264,223,48
264,289,4
264,146,4
264,108,371
264,224,5
264,154,65
264,171,1
264,11,1
264,256,2
264,148,1
264,188,24
264,101,5
264,172,2
264,72,2
264,28,77
264,128,21
265,36,-5
265,164,-2
265,245,-744
265,292,-6
265,280,-1
265,159,-19
265,95,-1
265,14,-3
265,223,-1
265,289,-4
265,137,-3
265,138,-2
265,88,-1
265,237,-1
265,154,-2
265,19,-127
265,85,-3
265,116,-15
265,184,-260
266,133,3
266,54,1
266,276,9
266,27,1
266,261,103
266,69,4
266,119,4
266,263,2
266,38,116
266,74,55
266,142,30
266,190,41
267,133,25
267,54,5
267,130,2
267,276,30
267,27,2
267,240,4
267,261,105
267,69,1
267,119,6
267,263,13
267,38,130
267,74,119
267,142,31
267,253,1
268,98,-5
268,279,-49
268,193,-4
268,145,-5
268,44,-1
268,8,-2
268,247,-1
268,81,-7
268,42,-20
268,217,-3
268,221,-9
268,22,-1
268,0,-11
268,80,-3
268,227,-6
268,37,-4
268,89,-12
268,147,-30
268,104,-6
268,271,-20
268,118,-16
268,277,-1
268,102,-14
268,131,-5
268,242,-8
268,238,-2
269,226,-125
269,75,-3
269,242,-1
269,91,-27
269,186,-1
269,246,-22
269,277,-20
269,212,-1
269,215,-4
270,150,-2
270,161,-1
270,114,-3
270,43,-23
270,299,-29
270,35,-2
270,18,-3
270,278,-4
270,168,-2
270,249,-4
270,231,-1
270,204,-1
270,8,-1
270,163,-12
270,208,-127
270,60,-4
270,187,-92
270,170,-1
270,47,-1
270,207,-3
270,20,-4
270,153,-5
270,49,-2
270,58,-4
270,179,-3
270,100,-2
270,84,-4
270,260,-4
271,37,14
271,214,6
271,41,72
271,147,1
271,279,5
271,104,1
271,268,19
271,286,5
271,205,55
271,131,1
271,6,10
271,21,18
271,48,105
271,247,1
271,250,2
271,244,5
271,42,60
272,164,-3
272,57,-6
272,106,-1
272,9,-3
272,5,-5
272,282,-3
272,78,-16
272,152,-2
272,163,-52
272,155,-1
272,132,-5
272,24,-14
272,90,-14
272,257,-2
272,181,-7
272,30,-11
272,66,-1
272,291,-3
272,192,-166
272,237,-2
272,154,-19
272,167,-2
272,85,-3
272,248,-15
272,11,-1
272,256,-3
272,187,-4
272,135,-1
272,70,-4
272,121,-3
272,76,-1
272,182,-3
272,72,-5
273,206,-10
273,151,-2
273,53,-3
273,219,-4
273,222,-2
273,178,-1
273,223,-1
273,86,-7
274,196,355
274,92,2
274,221,9
274,193,4
274,123,1
274,263,3
274,157,1
274,93,5
274,109,2
274,142,15
274,215,4
275,203,-3
275,17,-1
275,221,-2
275,64,-16
275,93,-42
275,142,-91
276,233,25
276,31,29
276,119,164
276,136,59
276,74,129
276,133,14
276,54,54
276,217,15
276,296,53
276,261,39
276,69,92
276,38,103
276,190,1
276,194,39
276,147,9
276,27,64
276,218,39
276,129,12
276,266,14
276,68,12
276,130,23
276,240,161
276,162,13
276,26,6
276,267,14
277,226,-116
277,269,-11
277,75,-1
277,259,-1
277,91,-22
277,110,-1
277,246,-72
277,109,-4
277,215,-16
278,78,-5
278,61,-7
278,36,-1
278,75,-6
278,114,-9
278,23,-22
278,52,-43
278,299,-87
278,35,-9
278,105,-1
278,18,-2
278,168,-1
278,77,-4
278,204,-1
278,8,-1
278,208,-4
278,60,-1
278,66,-7
278,187,-3
278,170,-17
278,47,-3
278,207,-15
278,20,-55
278,185,-7
278,58,-82
278,45,-1
278,179,-16
278,227,-3
278,100,-3
278,146,-3
278,84,-2
278,235,-1
278,260,-14
278,1,-8
279,217,1
279,37,31
279,214,1
279,41,66
279,147,3
279,104,3
279,268,38
279,286,14
279,283,1
279,6,16
279,21,2
279,118,10
279,227,2
279,247,14
279,250,6
279,244,5
279,42,31
280,36,1
280,164,2
280,245,14
280,228,1
280,183,1
280,160,137
280,254,71
280,292,43
280,186,1
280,126,13
280,243,4
280,293,1
280,159,8
280,95,2
280,105,1
280,14,1
280,165,7
280,265,6
280,178,2
280,223,59
280,232,4
280,289,2
280,137,3
280,138,2
280,295,17
280,55,105
280,224,6
280,56,2
280,154,1
280,19,17
280,256,1
280,116,2
280,184,26
280,67,1
280,101,114
280,172,33
280,40,43
281,115,-2
281,202,-86
281,236,-52
281,134,-4
281,61,-5
281,209,-7
281,251,-38
281,180,-6
281,165,-1
281,173,-80
281,146,-7
281,188,-768
281,234,-1
281,87,-57
282,78,-5
282,36,-1
282,152,-7
282,192,-2
282,181,-6
282,231,-2
282,57,-19
282,287,-100
282,106,-6
282,167,-2
282,30,-194
282,163,-18
282,7,-7
282,248,-1
282,256,-1
282,255,-4
282,132,-4
282,272,-1
282,5,-10
282,70,-86
282,121,-35
282,82,-1
282,76,-9
282,24,-40
282,72,-13
282,71,-4
282,292,-1
283,51,-61
283,247,-13
283,81,-8
283,42,-2
283,22,-10
283,80,-207
283,227,-1
283,37,-15
283,118,-22
283,131,-9
283,83,-2
283,262,-12
284,115,-1
284,12,-1
284,47,-9
284,176,-13
284,264,-55
284,134,-6
284,165,-6
284,108,-108
284,188,-7
284,128,-2
285,191,13
285,177,404
285,63,10
285,115,1
285,127,78
285,110,26
285,298,272
285,288,12
285,293,4
285,211,1
285,185,44
285,220,2
285,213,2
285,209,41
285,79,22
285,103,17
285,99,3
285,46,4
285,117,1
285,174,22
285,49,3
285,241,18
286,233,22
286,31,8
286,279,9
286,48,56
286,51,14
286,217,11
286,214,54
286,22,3
286,6,7
286,0,10
286,80,28
286,250,167
286,41,96
286,147,25
286,104,3
286,271,8
286,21,174
286,118,80
286,244,59
286,130,24
286,205,3
286,162,12
286,262,48
286,238,40
287,55,-1
287,78,-20
287,257,-2
287,36,-2
287,75,-11
287,152,-13
287,192,-29
287,181,-1
287,231,-88
287,57,-53
287,154,-4
287,167,-13
287,19,-4
287,163,-7
287,155,-1
287,208,-2
287,256,-6
287,66,-7
287,148,-9
287,170,-6
287,9,-1
287,132,-10
287,70,-47
287,121,-18
287,76,-35
287,182,-1
287,282,-14
287,72,-11
287,295,-1
288,150,-10
288,191,-6
288,177,-10
288,63,-9
288,115,-2
288,127,-1
288,97,-1
288,285,-10
288,47,-2
288,298,-233
288,96,-2
288,100,-2
288,84,-1
288,35,-2
288,211,-9
288,185,-2
288,45,-6
288,220,-57
288,260,-2
288,114,-5
288,209,-20
288,79,-126
288,266,-1
288,103,-97
288,99,-8
288,52,-1
288,195,-17
288,297,-3
288,208,-1
288,174,-90
288,188,-307
288,49,-60
288,241,-73
289,164,-6
289,245,-6
289,292,-1
289,243,-3
289,159,-6
289,95,-38
289,14,-1
289,265,-2
289,137,-67
289,138,-1
289,85,-13
289,11,-3
289,116,-6
289,184,-4
289,40,-4
290,65,-6
290,62,-5
291,78,-21
291,257,-49
291,192,-18
291,181,-3
291,57,-62
291,106,-6
291,167,-5
291,30,-3
291,163,-192
291,248,-14
291,256,-3
291,255,-5
291,135,-4
291,132,-28
291,272,-6
291,70,-28
291,121,-1
291,76,-25
291,24,-4
291,282,-2
291,72,-1
291,71,-11
291,59,-4
292,36,-18
292,245,-1659
292,228,-1
292,120,-1
292,280,-6
292,159,-2405
292,95,-10
292,14,-2
292,265,-6
292,166,-1
292,289,-3
292,137,-4
292,138,-5
292,224,-1
292,237,-1
292,19,-1
292,11,-29
292,208,-1
292,116,-5
292,184,-173
292,40,-2
292,33,-1
293,177,14
293,115,69
293,127,62
293,285,16
293,183,9
293,110,2
293,12,94
293,47,1
293,298,30
293,288,1
293,100,1
293,264,8
293,73,5
293,185,16
293,213,1
293,134,160
293,209,2
293,105,26
293,79,1
293,180,12
293,173,1
293,20,1
293,146,186
293,103,3
293,189,10
293,281,5
293,224,1
293,168,1
293,169,135
293,56,3
293,46,1
293,270,1
293,174,2
293,32,1
293,49,35
293,28,13
293,128,77
294,3,-229
294,107,-25
294,140,-165
294,153,-1
294,124,-359
295,228,2
295,160,549
295,39,4
295,254,700
295,280,1
295,126,18
295,243,1
295,264,1
295,156,2
295,165,12
295,16,4
295,55,6
295,101,469
295,172,724
296,133,37
296,233,5
296,257,3
296,54,4
296,17,7
296,130,6
296,276,67
296,27,12
296,240,15
296,261,192
296,119,8
296,38,109
296,74,159
296,142,20
296,253,9
296,42,3
297,99,3
297,36,1
297,114,72
297,195,3
297,35,1
297,18,2
297,278,1
297,168,5
297,249,1
297,63,44
297,204,6
297,8,2
297,211,12
297,270,1
297,208,23
297,60,2
297,187,21
297,170,3
297,47,2
297,207,3
297,83,2
297,20,2
297,298,7
297,153,24
297,288,4
297,49,3
297,58,3
297,45,14
297,179,2
297,100,3
297,84,2
297,260,18
297,1,1
298,191,-7
298,177,-42
298,115,-4
298,127,-47
298,97,-5
298,285,-2058
298,110,-1
298,47,-2
298,288,-12
298,100,-1
298,293,-3
298,211,-39
298,185,-392
298,45,-2
298,220,-2
298,209,-87
298,79,-17
298,103,-18
298,195,-9
298,174,-14
298,49,-4
298,241,-23
299,114,1
299,52,3
299,181,11
299,205,1
299,18,62
299,278,4
299,168,71
299,77,21
299,57,4
299,270,23
299,163,2
299,208,7
299,256,6
299,187,1
299,170,1
299,135,5
299,9,18
299,47,40
299,207,6
299,83,3
299,20,40
299,153,1
299,58,123
299,70,4
299,45,2
299,76,2
299,227,1
299,24,1
299,182,1
299,282,1
299,84,104
299,124,5
